graph_id,timestamp
0,2023-08-29 05:15:00
1,2023-08-30 03:15:00
2,2023-08-30 03:30:00
3,2023-08-30 23:45:00
4,2023-08-31 00:00:00
5,2023-08-31 23:45:00
6,2023-09-01 23:45:00
7,2023-09-02 00:00:00
8,2023-09-02 23:45:00
9,2023-09-03 00:00:00
10,2023-09-03 23:30:00
11,2023-09-03 23:45:00
12,2023-09-04 23:30:00
13,2023-09-04 23:45:00
14,2023-09-05 23:15:00
15,2023-09-05 23:30:00
16,2023-09-06 23:00:00
17,2023-09-06 23:15:00
18,2023-09-07 23:00:00
19,2023-09-07 23:15:00
20,2023-09-08 22:45:00
21,2023-09-08 23:00:00
22,2023-09-09 22:45:00
23,2023-09-09 23:00:00
24,2023-09-10 22:45:00
25,2023-09-10 23:00:00
26,2023-09-11 22:45:00
27,2023-09-11 23:00:00
28,2023-09-12 22:45:00
29,2023-09-12 23:00:00
30,2023-09-14 14:15:00
31,2023-09-14 14:30:00
32,2023-09-14 22:30:00
33,2023-09-14 22:45:00
34,2023-09-15 22:30:00
35,2023-09-15 22:45:00
36,2023-09-16 22:30:00
37,2023-09-16 22:45:00
38,2023-09-17 22:30:00
39,2023-09-17 22:45:00
40,2023-09-18 22:30:00
41,2023-09-18 22:45:00
42,2023-09-19 22:30:00
43,2023-09-19 22:45:00
44,2023-09-20 22:30:00
45,2023-09-20 22:45:00
46,2023-09-21 22:30:00
47,2023-09-21 22:45:00
48,2023-09-22 22:00:00
49,2023-09-22 22:15:00
50,2023-09-22 22:30:00
51,2023-09-23 22:15:00
52,2023-09-23 22:30:00
53,2023-09-24 22:00:00
54,2023-09-24 22:15:00
55,2023-09-25 22:00:00
56,2023-09-25 22:15:00
57,2023-09-26 22:00:00
58,2023-09-26 22:15:00
59,2023-09-27 21:45:00
60,2023-09-27 22:00:00
61,2023-09-27 22:15:00
62,2023-09-28 22:30:00
63,2023-09-28 22:45:00
64,2023-09-29 21:30:00
65,2023-09-29 21:45:00
66,2023-09-29 22:00:00
67,2023-09-30 22:15:00
68,2023-09-30 22:30:00
69,2023-10-01 21:30:00
70,2023-10-01 21:45:00
71,2023-10-02 22:00:00
72,2023-10-02 22:15:00
73,2023-10-03 21:30:00
74,2023-10-03 21:45:00
75,2023-10-04 21:15:00
76,2023-10-04 21:30:00
77,2023-10-05 21:15:00
78,2023-10-05 21:30:00
79,2023-10-06 21:00:00
80,2023-10-06 21:15:00
81,2023-10-07 21:00:00
82,2023-10-07 21:15:00
83,2023-10-08 21:00:00
84,2023-10-08 21:15:00
85,2023-10-09 21:15:00
86,2023-10-09 21:30:00
87,2023-10-10 21:00:00
88,2023-10-10 21:15:00
89,2023-10-11 21:15:00
90,2023-10-11 21:30:00
91,2023-10-12 21:00:00
92,2023-10-12 21:15:00
93,2023-10-13 21:00:00
94,2023-10-14 21:00:00
95,2023-10-15 21:00:00
96,2023-10-16 20:45:00
97,2023-10-16 21:00:00
98,2023-10-17 20:45:00
99,2023-10-17 21:00:00
100,2023-10-18 20:45:00
101,2023-10-18 21:00:00
102,2023-10-19 20:45:00
103,2023-10-19 21:00:00
104,2023-10-20 20:30:00
105,2023-10-20 20:45:00
106,2023-10-20 21:00:00
107,2023-10-21 20:45:00
108,2023-10-21 21:00:00
109,2023-10-22 20:30:00
110,2023-10-22 20:45:00
111,2023-10-23 20:30:00
112,2023-10-23 20:45:00
113,2023-10-24 20:45:00
114,2023-10-24 21:00:00
115,2023-10-25 20:30:00
116,2023-10-26 20:45:00
117,2023-10-26 21:00:00
118,2023-10-27 20:15:00
119,2023-10-27 20:30:00
120,2023-10-28 21:00:00
121,2023-10-28 21:15:00
122,2023-10-29 20:15:00
123,2023-10-29 20:30:00
124,2023-10-31 20:30:00
125,2023-10-31 20:45:00
126,2023-11-01 20:15:00
127,2023-11-01 20:30:00
128,2023-11-02 20:30:00
129,2023-11-02 20:45:00
130,2023-11-03 20:00:00
131,2023-11-03 20:15:00
132,2023-11-04 20:00:00
133,2023-11-04 20:15:00
134,2023-11-05 20:00:00
135,2023-11-05 20:15:00
136,2023-11-06 20:00:00
137,2023-11-06 20:15:00
138,2023-11-07 20:00:00
139,2023-11-07 20:15:00
140,2023-11-08 20:00:00
141,2023-11-09 20:00:00
142,2023-11-09 20:15:00
143,2023-11-10 19:45:00
144,2023-11-10 20:00:00
145,2023-11-14 22:30:00
146,2023-11-14 22:45:00
147,2023-11-15 20:00:00
148,2023-11-15 20:15:00
149,2023-11-16 19:45:00
150,2023-11-16 20:00:00
151,2023-11-17 19:45:00
152,2023-11-17 20:00:00
153,2023-11-18 19:45:00
154,2023-11-18 20:00:00
155,2023-11-19 19:45:00
156,2023-11-19 20:00:00
157,2023-11-20 19:45:00
158,2023-11-20 20:00:00
159,2023-11-21 19:15:00
160,2023-11-21 19:30:00
161,2023-11-22 19:30:00
162,2023-11-23 19:45:00
163,2023-11-24 19:15:00
164,2023-11-24 19:30:00
165,2023-11-25 19:45:00
166,2023-11-25 20:00:00
167,2023-11-26 19:30:00
168,2023-11-26 19:45:00
169,2023-11-26 20:00:00
170,2023-11-27 19:30:00
171,2023-11-27 19:45:00
172,2023-11-28 19:45:00
173,2023-11-28 20:00:00
174,2023-11-29 19:15:00
175,2023-11-29 19:30:00
176,2023-11-29 19:45:00
177,2023-11-30 19:00:00
178,2023-11-30 19:15:00
179,2023-12-01 19:15:00
180,2023-12-01 19:30:00
181,2023-12-03 20:30:00
182,2023-12-03 20:45:00
183,2023-12-04 19:30:00
184,2023-12-04 19:45:00
185,2023-12-05 19:45:00
186,2023-12-05 20:00:00
187,2023-12-06 19:45:00
188,2023-12-06 20:00:00
189,2023-12-07 19:30:00
190,2023-12-07 19:45:00
191,2023-12-08 19:00:00
192,2023-12-08 19:15:00
193,2023-12-09 19:30:00
194,2023-12-10 19:30:00
195,2023-12-10 19:45:00
196,2023-12-11 19:30:00
197,2023-12-11 19:45:00
198,2023-12-12 19:15:00
199,2023-12-12 19:30:00
200,2023-12-13 19:15:00
201,2023-12-13 19:30:00
202,2023-12-14 19:00:00
203,2023-12-14 19:15:00
204,2023-12-15 19:15:00
205,2023-12-15 19:30:00
206,2023-12-16 19:00:00
207,2023-12-16 19:15:00
208,2023-12-17 19:00:00
209,2023-12-17 19:15:00
210,2023-12-17 19:30:00
211,2023-12-18 19:00:00
212,2023-12-18 19:15:00
213,2023-12-19 19:30:00
214,2023-12-19 19:45:00
215,2023-12-20 18:45:00
216,2023-12-20 19:00:00
217,2023-12-21 18:45:00
218,2023-12-21 19:00:00
219,2023-12-22 18:30:00
220,2023-12-22 18:45:00
221,2023-12-23 18:45:00
222,2023-12-24 18:45:00
223,2023-12-24 19:00:00
224,2023-12-25 18:30:00
225,2023-12-25 18:45:00
226,2023-12-26 19:00:00
227,2023-12-26 19:15:00
228,2023-12-27 18:30:00
229,2023-12-27 18:45:00
230,2023-12-28 18:30:00
231,2023-12-28 18:45:00
232,2023-12-29 18:15:00
233,2023-12-30 18:15:00
234,2023-12-30 18:30:00
235,2023-12-31 18:30:00
236,2024-01-01 18:30:00
237,2024-01-01 18:45:00
238,2024-01-02 18:45:00
239,2024-01-02 19:00:00
240,2024-01-03 18:15:00
241,2024-01-03 18:30:00
242,2024-01-04 18:15:00
243,2024-01-04 18:30:00
244,2024-01-05 18:15:00
245,2024-01-05 18:30:00
246,2024-01-06 18:00:00
247,2024-01-06 18:15:00
248,2024-01-07 17:45:00
249,2024-01-08 19:30:00
250,2024-01-08 19:45:00
251,2024-01-09 18:15:00
252,2024-01-09 18:30:00
253,2024-01-10 18:30:00
254,2024-01-11 18:00:00
255,2024-01-11 18:15:00
256,2024-01-12 18:15:00
257,2024-01-12 18:30:00
258,2024-01-13 18:15:00
259,2024-01-13 18:30:00
260,2024-01-14 18:30:00
261,2024-01-14 18:45:00
262,2024-01-15 18:15:00
263,2024-01-15 18:30:00
264,2024-01-16 18:15:00
265,2024-01-16 18:30:00
266,2024-01-17 17:45:00
267,2024-01-17 18:00:00
268,2024-01-18 18:00:00
269,2024-01-18 18:15:00
270,2024-01-19 18:15:00
271,2024-01-20 18:00:00
272,2024-01-20 18:15:00
273,2024-01-21 17:30:00
274,2024-01-21 17:45:00
275,2024-01-22 18:15:00
276,2024-01-22 18:30:00
277,2024-01-23 18:00:00
278,2024-01-23 18:15:00
279,2024-01-24 18:00:00
280,2024-01-24 18:15:00
281,2024-01-25 17:15:00
282,2024-01-25 17:30:00
283,2024-01-26 18:00:00
284,2024-01-27 17:45:00
285,2024-01-27 18:00:00
286,2024-01-28 18:15:00
287,2024-01-28 18:30:00
288,2024-01-29 18:00:00
289,2024-01-29 18:15:00
290,2024-01-30 17:45:00
291,2024-01-30 18:00:00
292,2024-01-31 17:30:00
293,2024-01-31 17:45:00
294,2024-02-01 17:45:00
295,2024-02-01 18:00:00
296,2024-02-02 17:45:00
297,2024-02-02 18:00:00
298,2024-02-03 17:45:00
299,2024-02-03 18:00:00
300,2024-02-04 17:30:00
301,2024-02-05 18:00:00
302,2024-02-05 18:15:00
303,2024-02-06 17:45:00
304,2024-02-06 18:00:00
305,2024-02-07 17:30:00
306,2024-02-07 17:45:00
307,2024-02-08 17:30:00
308,2024-02-08 17:45:00
309,2024-02-09 17:30:00
310,2024-02-09 17:45:00
311,2024-02-09 18:00:00
312,2024-02-10 17:45:00
313,2024-02-10 18:00:00
314,2024-02-11 17:45:00
315,2024-02-12 17:45:00
316,2024-02-12 18:00:00
317,2024-02-13 17:30:00
318,2024-02-13 17:45:00
319,2024-02-14 17:45:00
320,2024-02-14 18:00:00
321,2024-02-15 17:45:00
322,2024-02-16 17:30:00
323,2024-02-17 17:30:00
324,2024-02-17 17:45:00
325,2024-02-18 17:15:00
326,2024-02-18 17:30:00
327,2024-02-19 17:30:00
328,2024-02-19 17:45:00
329,2024-02-20 17:15:00
330,2024-02-20 17:30:00
331,2024-02-21 17:30:00
332,2024-02-21 17:45:00
333,2024-02-22 17:15:00
334,2024-02-23 17:00:00
335,2024-02-23 17:15:00
336,2024-02-24 17:30:00
337,2024-02-24 17:45:00
338,2024-02-24 18:00:00
339,2024-02-25 17:00:00
340,2024-02-25 17:15:00
341,2024-02-26 17:15:00
342,2024-02-26 17:30:00
343,2024-02-27 17:00:00
344,2024-02-27 17:15:00
345,2024-02-28 17:00:00
346,2024-02-28 17:15:00
347,2024-02-29 16:45:00
348,2024-02-29 17:00:00
349,2024-03-01 17:00:00
350,2024-03-01 17:15:00
351,2024-03-02 17:00:00
352,2024-03-02 17:15:00
353,2024-03-03 17:15:00
354,2024-03-04 17:00:00
355,2024-03-05 17:00:00
356,2024-03-06 17:00:00
357,2024-03-06 17:15:00
358,2024-03-07 17:00:00
359,2024-03-07 17:15:00
360,2024-03-08 16:45:00
361,2024-03-08 17:00:00
362,2024-03-09 16:45:00
363,2024-03-09 17:00:00
364,2024-03-09 17:15:00
365,2024-03-10 17:00:00
366,2024-03-10 17:15:00
367,2024-03-11 16:45:00
368,2024-03-11 17:00:00
369,2024-03-12 16:30:00
370,2024-03-12 16:45:00
371,2024-03-12 17:00:00
372,2024-03-13 16:45:00
373,2024-03-13 17:00:00
374,2024-03-13 17:15:00
375,2024-03-14 16:30:00
376,2024-03-14 16:45:00
377,2024-03-15 16:30:00
378,2024-03-15 16:45:00
379,2024-03-15 17:00:00
380,2024-03-16 16:30:00
381,2024-03-16 16:45:00
382,2024-03-17 16:45:00
383,2024-03-17 17:00:00
384,2024-03-18 16:30:00
385,2024-03-18 16:45:00
386,2024-03-19 16:15:00
387,2024-03-19 16:30:00
388,2024-03-20 16:30:00
389,2024-03-20 16:45:00
390,2024-03-21 16:30:00
391,2024-03-21 16:45:00
392,2024-03-22 16:15:00
393,2024-03-22 16:30:00
394,2024-03-22 16:45:00
395,2024-03-23 16:30:00
396,2024-03-23 16:45:00
397,2024-03-23 17:00:00
398,2024-03-24 16:30:00
399,2024-03-24 16:45:00
400,2024-03-25 16:15:00
401,2024-03-25 16:30:00
402,2024-03-25 16:45:00
403,2024-03-26 16:00:00
404,2024-03-26 16:15:00
405,2024-03-27 16:00:00
406,2024-03-27 16:15:00
407,2024-03-28 16:00:00
408,2024-03-28 16:15:00
409,2024-03-29 15:30:00
410,2024-03-29 15:45:00
411,2024-03-30 15:45:00
412,2024-03-30 16:00:00
413,2024-03-30 16:15:00
414,2024-03-31 15:45:00
415,2024-03-31 16:00:00
416,2024-04-01 15:45:00
417,2024-04-01 16:00:00
418,2024-04-02 15:45:00
419,2024-04-02 16:00:00
420,2024-04-02 16:15:00
421,2024-04-02 16:30:00
422,2024-04-03 15:30:00
423,2024-04-03 15:45:00
424,2024-04-03 16:00:00
425,2024-04-04 15:30:00
426,2024-04-04 15:45:00
